use office_equipment_store;

INSERT INTO `users` (`id`, `firstname`, `lastname`, `birthday`, `phone`, `email`, `created_at`, `updated_at`)
	values
			('1', 'Иван', 'Петров', '2003-09-07', '0', 'thaddeus.altenwerth@example.org', '2020-09-21', '1997-01-08'),
			('2', 'Сергей', 'Житков', '2014-02-01', '410', 'koss.carolyne@example.net', '2009-08-05', '2014-12-02'),
			('3', 'Елена', 'Романова', '2014-10-25', '2', 'jamarcus48@example.org', '1999-07-11', '1998-05-02'),
			('4', 'Оксана', 'Жукова', '2003-11-12', '1', 'valentina.veum@example.org', '2015-02-28', '1980-06-22'),
			('5', 'Анатолий', 'Васильев', '1988-01-24', '310', 'icollier@example.net', '1971-05-11', '1972-09-30'),
			('6', 'Владимир', 'Мельников', '1975-03-25', '568', 'filomena.harber@example.org', '2017-01-24', '1998-03-02'),
			('7', 'Андрей', 'Баженов', '1985-11-10', '173', 'carmela39@example.org', '1998-10-19', '2004-05-31'),
			('8', 'Петр', 'Голубев', '2011-07-02', '277514303', 'autumn.yost@example.org', '2014-11-19', '1977-08-30'),
			('9', 'Георгий', 'Васин', '1998-12-29', '249', 'omiller@example.org', '2002-02-22', '2017-04-14'),
			('10', 'Терентий', 'Бакиев', '1983-07-30', '854687', 'ruecker.renee@example.net', '1972-03-27', '2016-05-30'),
			('11', 'Василий', 'Сухарев', '1979-12-03', '421', 'robert.hackett@example.com', '1975-12-15', '2018-04-08');
		
INSERT INTO `catalogs` (`id`, `name`) 
	VALUES 
			('1', 'Лазерные принтеры'),
			('2', 'Лазерные многофункциональные устройства'),
 			('3', 'Струйные многофункциональные устройства'),
 			('4', 'Портативные мобильные принтеры'),
			('5', 'Сканеры'),
			('6', 'Картриджи'),
 			('7', 'Принтеры для печати этикеток'),
			('8', 'Плоттеры'),
			('9', 'Компактные фотопринтеры'),
 			('10', 'Сканеры для документов');	
 		
INSERT INTO `products` (`id`, `name`, `description`, `price`, `catalogs_id`, `created_at`, `updated_at`)
	VALUES 
			('1', 'Xerox Phaser 3020', 'Принтер XEROX Phaser 3020 – компактная и производительная техника, в которой сочетаются хорошие функциональные возможности и стильный дизайн.', '8990.00', '1', '2019-10-20 14:24:49', '2020-05-10 02:16:48'),
			('2', 'Epson L805', 'Отличным вариантом для печати фотографий на профессиональном уровне является принтер EPSON L805.', '26410.00', '3', '2008-12-03 16:48:53', '2012-02-24 03:56:09'),
			('3', 'HP Ink Tank 115', 'Принтер струйный HP Ink Tank 115 представляет собой компактный аппарат для цветной печати со встроенной СНПЧ, защищенной от проливания чернил.', '10290.00', '3', '1987-01-11 02:11:36', '1988-07-24 00:33:42'),
			('4', 'Brother HL-1223WR', 'Практичный, многофункциональный, компактный - все это и многое другое совмещает в себе принтер лазерный BROTHER HL-1223WR.', '10990.00', '1', '2016-02-11 15:06:23', '2017-02-07 12:20:54'),
			('5', 'Kyocera Ecosys P2335dn', 'Настольный принтер лазерный KYOCERA Ecosys P2335dn - это незаменимая вещь, которая пригодится где угодно, будь то дом или офис.', '21190.85', '1', '2011-11-17 00:42:33', '2012-06-13 01:00:49'),
			('6', 'Xerox Phaser B210DNI', 'Для повседневного использования просто необходим принтер лазерный XEROX Phaser B210DNI#. ', '13990', '1', '1992-03-02 16:26:38', '1980-09-01 23:16:12'),
			('7', ' HP Neverstop Laser 1000w', 'Первый в мире лазерный принтер без картриджа позволит с легкостью печатать большие объемы документов - запас тонера до 5000 страниц входит в комплект поставки.', '15990', '1', '1975-09-15 09:21:02', '2003-07-28 20:21:43'),
			('8', 'Brother DCP-L2520DWR', 'Самое лучшее устройство – то, которое соединяет в себе несколько функций. К такому относится лазерное МФУ BROTHER DCP-L2520DWR. ', '21990', '2', '1972-12-16 00:09:18', '1983-09-06 20:17:22'),
			('9', 'HP Laser 135w', 'HP Laser 135w – компактное лазерное МФУ, используемое в маленьких офисах. ', '20990', '2', '1978-08-05 13:00:53', '2014-06-16 09:57:03'),
			('10', 'HP LaserJet Pro MFP M28w RU', 'МФУ лазерный HP LaserJet Pro MFP M28w RU, A4, лазерный, белый – универсальная современная техника для дома и офиса.', '15990', '2', '2011-04-23 01:42:10', '1989-05-29 16:48:44'),
			('11', 'HP Color 178nw', 'HP Color 178nw – белый лазерный МФУ, оснащенный современными функциями.', '24990', '2', '2009-05-28 05:01:10', '1986-01-05 01:48:03'),
			('12', 'Canon Selphy 1300 sp', 'Легкий и многофункциональный фотопринтер CANON Selphy 1300 станет лучшим приобретением для тех людей, которые предпочитают хранить снимки в обычных фотоальбомах.', '11420', '9', '2005-10-15 09:43:40', '1983-12-16 05:37:03'),
			('13', 'Canon Selphy 1300', 'Распечатать фотографии поможет компактный фотопринтер CANON Selphy 1300, обладающий удобным цветным дисплеем. ', '11390', '9', '1970-06-07 18:19:50', '1994-10-30 12:04:32'),
			('14', 'Canon Selphy CP1000', 'Простой в использовании компактный фотопринтер CANON Selphy CP1000 порадует высоким качеством отпечатанных фотографий. ', '8800', '9', '1990-04-20 15:09:48', '1974-09-15 16:42:48'),
			('15', 'HP Designjet T630', 'Плоттер HP DesignJet T630 36″ — струйный широкоформатный принтер 36″ (914 мм) для печати чертежей, визуализаций и карт.', '75190', '8', '2018-11-17 08:27:27', '1983-02-26 06:48:05'),
			('16', 'HP Designjet T230', 'Плоттер HP Designjet T230 предназначен для печати широкоформатных планов, чертежей в мельчайших подробностях и с высоким качеством. ', '39990', '8', '1971-11-09 14:01:12', '1972-10-22 22:10:24'),
			('17', 'HP Designjet T630wd', 'Плоттер HP DesignJet T630 24″ — струйный широкоформатный принтер 24″ (610 мм) для печати чертежей, визуализаций и карт.', '52790', '8', '2004-08-09 01:49:25', '2012-03-20 17:23:28'),
			('18', 'HP Designjet T650', 'Плоттер HP DesignJet T650 36″ — струйный широкоформатный принтер 36″ (914 мм) для печати чертежей, визуализаций и карт.', '97510', '8', '1976-09-06 15:41:26', '1976-12-17 17:01:41'),
			('19', 'HP ScanJet Pro 2000 S2 ', 'Модель сканера HP ScanJet Pro 2000 S2 позволяет достаточно быстро справиться с широким спектром задач.', '25430', '5', '2005-02-25 16:30:39', '2019-10-30 07:58:47'),
			('20', 'HP Scanjet Enterprise Flow 5000 s5', 'Максимальную производительность и интеллектуальное сканирование с увеличенной точностью обеспечит вам сканер HP Scanjet Enterprise Flow 5000 s5.', '59990', '5', '2017-02-03 06:46:25', '1990-01-10 01:55:08'),
			('21', 'Epson WorkForce DS-1630', 'Сканер EPSON WorkForce DS-1630 – компактное и эргономичное устройство планшетной конфигурации, предназначенное для оснащения небольших офисов и малых рабочих групп.', '29000', '5', '1991-08-16 04:49:44', '1982-02-17 19:20:28'),
			('22', 'Canon DR-F120 ', 'Современный и компактный сканер модели CANON DR-F120 имеет строгий и лаконичный дизайн и планшетно-протяжный принцип работы. ', '26580', '10', '1973-02-06 11:10:17', '2015-09-21 06:09:18'),
			('23', 'Canon image Formula DR-C225 II', 'Сохранить время при работе с документами в офисе поможет сканер CANON Image Formula DR-C225 II.', '27150', '10', '1999-11-30 00:06:27', '2003-08-15 05:59:36'),
			('24', 'Canon P-215II ', 'Простой в использовании, но продуктивный сканер модели CANON P-215II – это мобильное устройство, предназначенное для тех, кто находится постоянно в движении и разъездах.', '19830', '10', '2019-09-19 15:28:50', '1971-08-05 08:46:51'),
			('25', 'HP 652', 'Выполняйте высококачественную печать документов с помощью недорогих струйных оригинальных картриджей HP 652. ', '1120', '6', '1996-04-06 05:34:13', '1986-01-24 08:50:42'),
			('26', 'HP 123', 'Оригинальные струйные картриджи HP 123 позволяют печатать повседневные документы и цветные фотографии непревзойденного качества. ', '950', '6', '1989-05-16 19:08:57', '1985-11-23 12:19:08'),
			('27', 'Canon PG-445/CL-446', 'Картридж Canon PG-445/CL-446, многоцветный / черный / 8283B004', '2640', '6', '2014-01-11 15:15:13', '1993-12-06 12:38:50'),
			('28', 'Canon PG-445', 'Картридж CANON PG-445, черный [8283b001]', '1460', '6', '1994-10-04 11:00:50', '2003-06-23 10:51:24'),
			('29', 'Epson 103BK', 'Картридж EPSON 103BK, черный [c13t00s14a]', '510 ', '6', '2006-07-14 09:46:53', '2013-05-10 19:48:27'),
			('30', 'HP 122', 'Оригинальные струйные картриджи HP 122 разработаны специально для принтеров HP Deskjet 1050 и 2050', '1060', '6', '1971-02-09 15:05:35', '1987-10-24 18:43:38');

 		

INSERT INTO `brends` (`id`, `name`)
	VALUES 
			('1', 'HP Hewlett-Packard'),
			('2', 'Canon'),
			('3', 'Xerox'),
			('4', 'Kyocera'),
			('5', 'Epson'),
			('6', 'Brother'),
			('7', 'Minolta'),
			('8', 'Lexmark'),
			('9', 'Samsung'),
			('10', 'Oki');
		
INSERT INTO `orders` (`id`, `user_id`, `created_at`, `updated_at`) 
	VALUES 
			('1', '10', '1990-06-10 15:02:47', '2017-10-20 10:33:54'),
			('2', '9', '1982-07-06 18:19:48', '1976-01-07 18:58:29'),
			('3', '8', '2010-07-02 02:36:01', '1987-09-01 19:03:08'),
			('4', '7', '1988-12-16 00:05:28', '1979-03-30 01:15:52'),
			('5', '6', '1987-07-14 16:51:54', '1994-11-04 03:56:34'),
			('6', '5', '2007-06-19 19:19:03', '2012-04-06 03:05:37'),
			('7', '4', '2002-11-23 09:47:17', '1996-11-05 07:38:38'),
			('8', '3', '2010-07-12 08:40:52', '1980-03-22 07:29:25'),
			('9', '2', '1970-04-25 09:17:38', '2017-07-26 05:37:22'),
			('10', '1', '1994-09-29 15:02:23', '1984-06-21 21:48:50'),
		    ('11', '10', '1990-06-10 15:02:47', '2017-10-20 10:33:54'),
			('12', '9', '1982-07-06 18:19:48', '1976-01-07 18:58:29'),
			('13', '8', '2010-07-02 02:36:01', '1987-09-01 19:03:08'),
			('14', '7', '1988-12-16 00:05:28', '1979-03-30 01:15:52'),
			('15', '6', '1987-07-14 16:51:54', '1994-11-04 03:56:34'),
			('16', '5', '2007-06-19 19:19:03', '2012-04-06 03:05:37'),
			('17', '4', '2002-11-23 09:47:17', '1996-11-05 07:38:38'),
			('18', '3', '2010-07-12 08:40:52', '1980-03-22 07:29:25'),
			('19', '2', '1970-04-25 09:17:38', '2017-07-26 05:37:22'),
			('20', '1', '1994-09-29 15:02:23', '1984-06-21 21:48:50'),
		    ('21', '10', '1990-06-10 15:02:47', '2017-10-20 10:33:54'),
			('22', '9', '1982-07-06 18:19:48', '1976-01-07 18:58:29'),
			('23', '8', '2010-07-02 02:36:01', '1987-09-01 19:03:08'),
			('24', '7', '1988-12-16 00:05:28', '1979-03-30 01:15:52'),
			('25', '6', '1987-07-14 16:51:54', '1994-11-04 03:56:34'),
			('26', '5', '2007-06-19 19:19:03', '2012-04-06 03:05:37'),
			('27', '4', '2002-11-23 09:47:17', '1996-11-05 07:38:38'),
			('28', '3', '2010-07-12 08:40:52', '1980-03-22 07:29:25'),
			('29', '2', '1970-04-25 09:17:38', '2017-07-26 05:37:22'),
			('30', '1', '1994-09-29 15:02:23', '1984-06-21 21:48:50');

INSERT INTO `orders_products` (`id`, `orders_id`, `products_id`, `amount`, `created_at`, `updated_at`)
	VALUES 
			('1', '1', '1', 4, '1979-11-25 12:10:39', '2019-01-10 03:12:59'),
			('2', '2', '2', 1, '1994-03-26 01:11:06', '2021-08-15 05:25:28'),
			('3', '3', '3', 1, '2009-10-08 17:20:38', '1980-03-10 14:59:11'),
			('4', '4', '4', 2, '1978-08-02 22:50:23', '1976-07-08 13:26:25'),
			('5', '5', '5', 8, '2013-09-04 15:20:50', '2013-09-16 14:30:07'),
			('6', '6', '6', 1, '1989-06-16 05:02:53', '1979-05-03 06:18:22'),
			('7', '7', '7', 5, '1990-10-25 20:49:35', '1998-09-27 04:52:29'),
			('8', '8', '8', 1, '1970-08-11 02:45:51', '1971-04-21 10:51:36'),
			('9', '9', '9', 3, '1972-12-27 17:09:29', '1975-08-13 10:44:40'),
			('10', '10', '10', 1, '2016-09-28 13:21:11', '1989-07-31 11:45:02'),
			('11', '11', '11', 4, '2012-03-03 07:10:29', '1978-10-01 09:54:56'),
			('12', '12', '12', 6, '1973-01-13 15:26:21', '1998-12-18 14:13:49'),
			('13', '13', '13',1, '2001-05-24 09:28:24', '2001-04-17 02:13:49'),
			('14', '14', '14', 1, '2014-08-30 07:51:46', '2004-11-19 14:01:46'),
			('15', '15', '15', 7, '1998-04-02 16:51:22', '2010-11-01 16:32:01'),
			('16', '16', '16', 10, '2007-09-01 11:34:03', '1989-08-03 09:38:11'),
			('17', '17', '17', 4, '2002-02-19 02:31:12', '1997-04-02 11:12:28'),
			('18', '18', '18', 9, '1971-04-18 09:44:45', '2002-12-10 01:59:12'),
			('19', '19', '19', 3, '2002-08-22 15:18:21', '2017-08-13 00:15:10'),
			('20', '20', '20', 5, '1979-05-08 13:28:03', '1994-10-16 23:16:29'),
			('21', '21', '21', 7, '1970-09-29 06:28:27', '1982-01-20 22:14:08'),
			('22', '22', '22', 1, '1981-07-03 05:24:00', '2020-01-30 06:11:44'),
			('23', '23', '23', 3, '2007-06-25 17:57:27', '1983-12-25 21:28:10'),
			('24', '24', '24', 2, '1976-05-25 09:32:38', '1993-03-20 01:07:52'),
			('25', '25', '25', 13, '1970-09-22 16:32:58', '1997-03-29 13:21:50'),
			('26', '26', '26', 10, '2020-08-02 02:11:27', '1975-12-14 02:52:09'),
			('27', '27', '27', 1, '2000-02-27 06:20:53', '1977-08-09 10:58:13'),
			('28', '28', '28', 3, '1999-03-08 02:18:29', '1977-07-26 09:34:12'),
			('29', '29', '29', 19, '2005-03-07 06:28:22', '1976-10-05 00:25:56'),
			('30', '30', '30', 3, '1994-08-06 16:58:17', '1976-12-13 13:21:00'),
			('31', '1', '1', 4, '1980-09-06 18:19:24', '2004-06-07 00:52:22'),
			('32', '2', '2', 10, '1995-05-27 17:46:53', '1995-04-28 03:50:28'),
			('33', '3', '3', 20, '2019-12-26 06:58:47', '1977-02-04 00:35:48'),
			('34', '4', '4', 26, '1972-03-25 16:16:13', '1986-06-20 18:39:16'),
			('35', '5', '5', 28, '1996-06-24 10:06:59', '2002-11-12 09:44:05'),
			('36', '6', '6', 2, '2012-12-11 21:39:41', '2012-06-11 11:31:26'),
			('37', '7', '7', 7, '1995-02-23 21:36:14', '2018-05-29 17:56:01'),
			('38', '8', '8', 6, '1993-02-20 11:40:00', '1989-07-07 13:25:17'),
			('39', '9', '9', 8, '1985-05-08 01:20:19', '1982-04-03 13:31:21'),
			('40', '10', '10', 2, '1992-12-22 13:13:25', '2004-01-09 20:57:54'),
			('41', '1', '11', 7, '1983-03-23 01:43:13', '2012-07-14 12:54:04'),
			('42', '2', '12', 4, '2010-01-01 14:52:08', '1986-07-15 05:01:57'),
			('43', '3', '13', 11, '1975-07-19 01:58:20', '1993-04-22 21:10:26'),
			('44', '4', '14', 10, '1991-08-06 20:44:03', '1978-08-06 03:29:00'),
			('45', '5', '15', 11, '2016-07-30 20:30:35', '1980-12-08 01:10:29'),
			('46', '6', '16', 30, '1975-10-09 14:40:04', '2008-02-07 09:32:17'),
			('47', '7', '17', 6, '1995-02-08 15:09:48', '1975-08-23 18:10:23'),
			('48', '8', '18', 3, '2021-03-13 15:50:20', '1973-05-30 18:22:15'),
			('49', '9', '19', 6, '1985-03-12 16:36:17', '1973-04-16 01:31:58'),
			('50', '10', '20', 9, '1979-09-28 03:35:13', '1977-02-02 14:46:31');

INSERT INTO `delivery` (`id`, `orders_id`, `address`, `created_at`, `finish_at`)
		values
			('1', '1', 'Москва, пр.Кутузова,д.132,оф.17', '2021-03-11 08:04:17', '2021-04-08 06:01:31'),
 			('2', '2', 'Мурманск, ул. Челюскинцев, д.2 оф.23', '2021-12-22 21:22:10', '2022-01-06 19:30:20'),
 			('3', '3', 'Тверь, пр.Ленина, д.12, кв.45', '2021-06-23 22:07:49', '2021-07-23 05:28:23'),
			('4', '4', 'Владивосток, ул.Победы, д.28, кв.65', '2022-01-08 08:39:40', '2022-02-24 22:26:55'),
			('5', '5', 'Петразоводск, ул.Петра I, оф.2', '2021-04-13 10:15:53', '2021-06-02 21:00:07'),
			('6', '6', 'Омск, ул.Заводская,д.23, оф.18', '2021-11-14 08:12:13', '2021-12-04 22:16:56'),
			('7', '7', 'Архангельск, ул.Шмидта, д.54, кв.69', '2021-05-26 18:33:08', '2021-06-05 08:19:07'),
			('8', '8', 'Тобольск, ул. Фрунзе, д. 22', '2022-01-13 02:02:11', '2022-03-29 08:18:00'),
			('9', '9', 'Перьм, ул.Большевиков, д.44, кв.33', '2021-11-22 20:03:43', '2021-12-10 17:39:04'),
			('10','10', 'Луцк, ул.Молчанова, д. 59, оф.43', '2022-01-12 20:32:06', '2022-02-01 20:39:27'),
			('11','11', 'Барнаул, пр.Маркса, д.3, кв.87', '2021-09-22 15:26:57', '2021-11-15 00:37:04'),
			('12','12', 'Москва, пр.Кутузова,д.132,оф.17', '2021-08-25 09:47:34', '2021-11-17 22:29:22'),
			('13','13', 'Мурманск, ул. Челюскинцев, д.2 оф.23', '2022-01-14 19:46:39', '2022-02-19 14:23:53'),
			('14','14', 'Тверь, пр.Ленина, д.12, кв.45', '2021-10-09 09:09:04', '2021-11-03 03:11:04'),
			('15','15', 'Владивосток, ул.Победы, д.28, кв.65', '2021-07-25 08:23:48', '2021-08-02 04:09:29'),
 			('16','16', 'Петразоводск, ул.Петра I, оф.2', '2022-01-09 02:32:40', '2022-02-07 14:11:35'),
			('17','17', 'Омск, ул.Заводская,д.23, оф.18', '2021-12-21 10:33:39', '2022-02-26 16:49:45'),
			('18','18', 'Архангельск, ул.Шмидта, д.54, кв.69', '2021-09-25 03:09:49', '2021-10-06 04:34:44'),
			('19','19', 'Тобольск, ул. Фрунзе, д. 22', '2021-01-02 13:37:50', '2021-03-11 11:00:16'),
 			('20','20', 'Перьм, ул.Большевиков, д.44, кв.33', '2022-01-08 18:18:36', '2022-02-12 16:03:06'),
			('21','21', 'Луцк, ул.Молчанова, д. 59, оф.43', '2021-11-26 15:36:09', '2021-12-09 05:05:25'),
			('22','22', 'Барнаул, пр.Маркса, д.3, кв.87', '2021-12-29 02:20:31', '2022-01-24 06:33:13'),
			('23','23', 'Москва, пр.Кутузова,д.132,оф.17', '2021-02-28 00:53:15', '2021-03-10 03:04:18'),
			('24','24', 'Мурманск, ул. Челюскинцев, д.2 оф.23', '2021-09-01 00:34:33', '2021-10-22 22:58:03'),
			('25','25', 'Тверь, пр.Ленина, д.12, кв.45', '2021-10-20 01:19:45', '2021-11-26 06:18:44'),
			('26','26', 'Владивосток, ул.Победы, д.28, кв.65', '2021-10-30 22:02:12', '2021-11-30 07:14:01'),
			('27','27', 'Петразоводск, ул.Петра I, оф.2', '2022-01-11 21:21:27', '2022-2-24 21:33:51'),
			('28','28', 'Омск, ул.Заводская,д.23, оф.18', '2021-03-24 14:13:08', '2021-03-28 21:22:50'),
			('29','29', 'Архангельск, ул.Шмидта, д.54, кв.69', '2022-01-05 18:00:24', '2022-02-28 21:38:42'),
 			('30','30', 'Тобольск, ул. Фрунзе, д. 22', '2021-06-29 17:32:41', '2021-07-08 10:49:28');




INSERT INTO `discounts` (`id`, `products_id`, `catalogs_id`, `discount`, `started_at`, `finish_at`, `created_at`, `updated_at`)
	VALUES 
			('1', '1', '1', 0.8, '1971-12-26', '1973-03-26', '1972-09-21 06:22:20', '1977-02-13 01:21:01'),
 			('2', '2', '2', 0.7, '2004-12-31', '2012-01-08', '2019-02-18 23:10:02', '1971-04-16 23:08:34'),
 			('3', '3', '3', 0.9, '1986-12-13', '1970-03-22', '1974-06-18 16:05:00', '1978-06-06 13:31:09'),
			('4', '4', '4', 0.75, '1995-08-06', '1978-06-20', '1977-02-17 08:16:56', '2002-05-08 03:59:49'),
			('5', '5', '5', 0.95, '1989-01-15', '1989-05-21', '2017-04-28 10:35:08', '2011-06-15 03:15:38'),
			('6', '6', '6', 0.85, '1999-06-06', '1997-07-13', '1995-05-17 12:46:39', '1999-05-29 08:41:13'),
			('7', '7', '7', 0.6, '2019-11-14', '2013-07-15', '1991-04-13 04:54:58', '2000-07-14 18:33:08'),
 			('8', '8', '8', 0.65, '1996-05-14', '1971-10-29', '2001-02-19 04:57:48', '1977-09-25 11:05:16'),
 			('9', '9', '9', 0.5, '1988-06-17', '1995-11-07', '1974-08-08 07:26:29', '2004-02-01 03:03:23'),
			('10', '10', '10', 0.55, '1990-09-06', '1973-07-16', '1971-11-14 20:39:13', '1997-04-16 20:14:43');





INSERT INTO `favorits` (`id`, `users_id`, `products_id`, `created_at`, `updated_at`)
	values
			('1', '1', '1', '2019-02-14 04:35:39', '1980-05-14 11:11:20'),
			('2', '2', '2', '2004-01-01 11:41:38', '1987-11-30 19:28:45'),
			('3', '3', '3', '2016-03-11 20:01:08', '1983-12-27 18:19:29'),
			('4', '4', '4', '1997-07-17 18:09:31', '1981-06-11 19:49:45'),
			('5', '5', '5', '1995-02-19 23:30:44', '1988-05-02 10:41:34'),
			('6', '6', '6', '2010-03-05 18:19:41', '2018-01-13 16:31:59'),
			('7', '7', '7', '1990-02-01 13:22:02', '2019-03-19 05:04:56'),
			('8', '8', '8', '1979-10-07 20:20:26', '2005-04-05 22:44:03'),
			('9', '9', '9', '2009-04-12 05:46:57', '1976-03-15 20:49:46'),
			('10', '10', '10', '1977-12-10 00:01:18', '1981-09-10 20:08:43'),
			('11', '1', '11', '1980-07-08 19:35:54', '2006-07-23 20:54:46'),
			('12', '2', '12', '1983-02-24 03:38:41', '1978-06-25 01:58:18'),
			('13', '3', '13', '2013-03-17 22:48:26', '2004-05-30 04:22:32'),
			('14', '4', '14', '1970-06-23 07:33:20', '1995-06-26 03:15:01'),
			('15', '5', '15', '2003-09-20 08:24:26', '1972-11-21 17:31:50'),
			('16', '6', '16', '1996-07-06 04:33:52', '1972-01-08 06:27:16'),
			('17', '7', '17', '2000-05-09 07:03:41', '2002-05-11 08:09:02'),
			('18', '8', '18', '2014-06-19 02:00:58', '2010-12-29 00:22:31'),
			('19', '9', '19', '1985-07-15 09:13:24', '1981-08-01 22:31:12'),
			('20', '10', '20', '2020-04-15 22:42:57', '2018-02-28 11:59:50'),
			('21', '1', '21', '1987-03-18 21:41:38', '2005-08-09 13:06:09'),
			('22', '2', '22', '1990-07-24 08:23:57', '1988-10-23 08:23:49'),
			('23', '3', '23', '2002-09-21 04:56:18', '1970-03-02 19:34:37'),
			('24', '4', '24', '1993-08-24 00:04:00', '1995-09-10 13:08:37'),
			('25', '5', '25', '1977-06-29 12:41:43', '2021-02-03 10:21:10'),
			('26', '6', '26', '2000-09-06 18:52:48', '1978-11-17 09:35:08'),
			('27', '7', '27', '1978-03-01 12:47:33', '2017-03-05 13:51:34'),
			('28', '8', '28', '1973-12-22 09:41:47', '2006-12-24 10:47:12'),
			('29', '9', '29', '2008-10-04 04:58:36', '2017-11-04 20:55:17'),
			('30', '10', '30', '2004-11-27 16:18:35', '1978-12-24 23:56:15');


INSERT INTO `selection_by_brends` (`id`, `brends_id`, `products_id`)
	values
			('1', '1', '3' ),
			('2', '1', '7'),
			('3', '1', '9'),
			('4', '1', '10'),
			('5', '1', '11'),
			('6', '1', '15'),
			('7', '1', '16'),
			('8', '1', '17'),
			('9', '1', '18'),
			('10', '1', '19'),
			('11', '1', '20' ),
			('12', '1', '25' ),
			('13', '1', '26' ),
			('14', '1', '30' ),
			('15', '2', '12' ),
			('16', '2', '13' ),
			('17', '2', '14' ),
			('18', '2', '22' ),
			('19', '2', '23' ),
			('20', '2', '24' ),
			('21', '2', '27' ),
			('22', '2', '28' ),
			('23', '3', '1' ),
			('24', '3', '6' ),
			('25', '4', '5' ),
			('26', '5', '2' ),
			('27', '5', '21' ),
			('28', '5', '29' ),
			('29', '6', '4' ),
			('30', '6', '8' );


INSERT INTO `warehouse` (`id`, `name`, `created_at`, `updated_at`) 
	VALUES 
			('1', 'Принтеры', '2011-08-16 21:45:37', '1997-11-28 19:41:57'),
			('2', 'Плоттеры', '1991-12-18 13:06:19', '1985-09-01 18:44:59'),
			('3', 'Сканеры', '1995-12-16 07:33:26', '2020-06-09 15:02:30'),
			('4', 'Картриджи', '1997-04-06 19:40:55', '1998-05-23 11:36:20');
			



INSERT INTO `warehouse_products` (`id`, `warehouse_id`, `products_id`, `amount`, `created_at`, `updated_at`)
	VALUES 
			('1', '1', '1', '143', '1976-04-16 21:03:13', '1991-04-28 17:16:38'),
			('2', '1', '2', '26', '1990-11-08 11:48:12', '1988-08-26 03:27:28'),
			('3', '1', '3', '376', '1997-02-05 21:15:21', '1979-09-13 19:59:04'),
			('4', '1', '4', '176', '2006-01-23 16:50:59', '1996-03-05 20:30:51'),
			('5', '1', '5', '346', '2003-07-08 15:09:12', '2013-08-18 03:32:37'),
			('6', '1', '6', '30', '1989-04-06 01:44:41', '1981-08-11 02:14:40'),
			('7', '1', '7', '96', '2013-11-23 22:54:14', '2006-10-15 13:55:06'),
			('8', '1', '8', '46', '1976-07-23 15:42:13', '1986-09-03 01:16:35'),
			('9', '1', '9', '252', '2020-11-21 21:47:48', '1989-01-10 12:47:36'),
			('10', '1', '10', '60', '1995-01-25 14:06:05', '2000-07-14 04:46:58'),
			('11', '1', '11', '12', '1999-10-02 10:32:26', '1982-04-11 18:33:31'),
			('12', '1', '12', '40', '2001-07-10 01:55:52', '1992-01-13 01:00:26'),
			('13', '1', '13', '104', '2010-06-03 17:52:20', '1975-04-10 22:35:36'),
			('14', '1', '14', '5', '2015-07-09 16:46:17', '1998-12-18 03:34:38'),
			('15', '2', '15', '396', '1982-08-13 15:23:36', '2005-07-18 21:25:32'),
			('16', '2', '16', '106', '1991-07-03 15:24:38', '2002-08-11 20:36:47'),
			('17', '2', '17', '292', '1998-10-01 18:33:35', '1988-11-09 04:10:09'),
			('18', '2', '18', '41', '1999-12-06 10:07:52', '2016-01-04 00:31:54'),
			('19', '3', '19', '54', '1974-08-01 10:41:10', '1978-01-04 07:26:12'),
			('20', '3', '20', '15', '2014-06-12 12:27:36', '1974-02-23 08:37:18'),
			('21', '3', '21', '23', '2018-08-31 14:45:22', '1987-02-24 23:02:39'),
			('22', '3', '22', '65', '2009-08-31 09:05:44', '1986-12-27 09:55:42'),
			('23', '3', '23', '9', '1999-04-03 01:36:11', '2013-12-12 08:13:57'),
			('24', '3', '24', '26', '1970-03-26 23:57:18', '2018-02-25 08:49:17'),
			('25', '4', '25', '51', '1974-12-06 14:15:54', '2018-01-21 04:22:37'),
			('26', '4', '26', '4', '1972-04-21 22:07:25', '2021-11-28 20:57:56'),
			('27', '4', '27', '58', '2001-12-30 18:39:33', '1987-08-21 04:03:20'),
			('28', '4', '28', '75', '1976-03-26 14:24:37', '2002-09-11 05:25:39'),
			('29', '4', '29', '709', '1977-10-15 02:58:49', '2011-08-08 15:17:28'),
			('30', '4', '30', '40', '1999-03-22 10:36:06', '1987-03-25 05:01:52');
			





